{
  "project_info": {
    "project_number": "128949690256",
    "firebase_url": "https://my-blog-app-32be6.firebaseio.com",
    "project_id": "my-blog-app-32be6",
    "storage_bucket": "my-blog-app-32be6.appspot.com"
  },
  "client": [
    {
      "client_info": {
        "mobilesdk_app_id": "1:128949690256:android:d067702985166c61fd9d15",
        "android_client_info": {
          "package_name": "com.example.myblogapp"
        }
      },
      "oauth_client": [
        {
          "client_id": "128949690256-4j48fbfq5f0u9tem2v0d29n52s5qpi66.apps.googleusercontent.com",
          "client_type": 1,
          "android_info": {
            "package_name": "com.example.myblogapp",
            "certificate_hash": "a84e2c8dd171e68dcf6520493b1623cbb1295d6b"
          }
        },
        {
          "client_id": "128949690256-4p6pcdoq1j490r5l6c6d9b0n8fkrurou.apps.googleusercontent.com",
          "client_type": 3
        }
      ],
      "api_key": [
        {
          "current_key": "AIzaSyDms9koBTyS0g05Mc_RFdOYia78UScUmH0"
        }
      ],
      "services": {
        "appinvite_service": {
          "other_platform_oauth_client": [
            {
              "client_id": "128949690256-4p6pcdoq1j490r5l6c6d9b0n8fkrurou.apps.googleusercontent.com",
              "client_type": 3
            }
          ]
        }
      }
    },
    {
      "client_info": {
        "mobilesdk_app_id": "1:128949690256:android:c16b94fb6e6ffa0cfd9d15",
        "android_client_info": {
          "package_name": "com.rozdoum.socialcomponents"
        }
      },
      "oauth_client": [
        {
          "client_id": "128949690256-4p6pcdoq1j490r5l6c6d9b0n8fkrurou.apps.googleusercontent.com",
          "client_type": 3
        }
      ],
      "api_key": [
        {
          "current_key": "AIzaSyDms9koBTyS0g05Mc_RFdOYia78UScUmH0"
        }
      ],
      "services": {
        "appinvite_service": {
          "other_platform_oauth_client": [
            {
              "client_id": "128949690256-4p6pcdoq1j490r5l6c6d9b0n8fkrurou.apps.googleusercontent.com",
              "client_type": 3
            }
          ]
        }
      }
    }
  ],
  "configuration_version": "1"
}