{
  "project_info": {
    "project_number": "919479655799",
    "project_id": "shareby-d9b0f",
    "storage_bucket": "shareby-d9b0f.appspot.com"
  },
  "client": [
    {
      "client_info": {
        "mobilesdk_app_id": "1:919479655799:android:510b850b63f585af991572",
        "android_client_info": {
          "package_name": "com.zero.shareby"
        }
      },
      "oauth_client": [
        {
          "client_id": "919479655799-7f452f30njl7tunc50cg3jchd8vooo77.apps.googleusercontent.com",
          "client_type": 3
        }
      ],
      "api_key": [
        {
          "current_key": "AIzaSyDLbA7td8YIVqN5KhqAoEnRzZsEiXjORkI"
        }
      ],
      "services": {
        "appinvite_service": {
          "other_platform_oauth_client": [
            {
              "client_id": "919479655799-7f452f30njl7tunc50cg3jchd8vooo77.apps.googleusercontent.com",
              "client_type": 3
            }
          ]
        }
      }
    }
  ],
  "configuration_version": "1"
}